{"cameraMode":{"drawMode":0,"name":"Shaded","section":"Shading Mode"},"sceneLighting":false,"audioPlay":false,"sceneViewState":{"showFog":true,"showMaterialUpdate":false,"showSkybox":false,"showFlares":true,"showImageEffects":true,"showParticleSystems":true},"in2DMode":false,"pivot":{"x":-5.139999866485596,"y":-0.3799999952316284,"z":0.0},"rotation":{"x":0.039299823343753818,"y":0.005668311845511198,"z":-0.00024039362324401736,"w":0.9992612600326538},"size":3.570714235305786,"orthographic":false}