{"cameraMode":{"drawMode":0,"name":"Shaded","section":"Shading Mode"},"sceneLighting":true,"audioPlay":false,"sceneViewState":{"showFog":true,"showMaterialUpdate":false,"showSkybox":true,"showFlares":true,"showImageEffects":true,"showParticleSystems":true},"in2DMode":false,"pivot":{"x":33.491886138916019,"y":34.514869689941409,"z":54.261898040771487},"rotation":{"x":0.0634009912610054,"y":-0.927108645439148,"z":0.32098621129989626,"w":0.18307821452617646},"size":1.527759313583374,"orthographic":false}